주택면적_제곱미터,건축년도,방_수,화장실_수,층수,주택가격_만원
106.18101782710437,2006,5,1,43,56675.0052511918
192.60714596148742,1971,7,2,1,117671.47698380033
159.79909127171078,2021,4,2,49,58407.812588405264
139.7987726295555,1975,4,1,47,96249.43604072632
73.40279606636548,1983,7,3,38,79143.54327691729
73.3991780504304,1978,3,2,24,73256.84887619893
58.71254182522992,1967,7,1,47,69906.84850398626
179.92642186624028,1990,6,2,31,95828.81130071962
140.16725176148134,1980,6,3,41,82899.05385941332
156.21088666940682,1976,2,1,46,89702.2964336716
53.08767414437037,1982,4,2,26,50212.15988617379
195.48647782429916,1996,3,3,49,100880.07693561084
174.86639612006326,2013,3,2,5,57275.63217659896
81.85086660174142,1975,5,3,20,83278.93722730357
77.2737450810651,1965,5,3,41,79580.76476172324
77.51067647801507,1967,7,1,11,59060.141195385106
95.63633644393066,1984,3,3,33,68567.39386309341
128.71346474483568,1977,7,2,38,59413.77434693447
114.79175279631737,1984,7,3,27,76892.60600720557
93.68437102970628,1971,5,3,34,83557.6261388018
141.77793420835692,1974,4,1,15,80809.82070598654
70.92407909780627,2018,7,3,32,31512.700688897705
93.82169728028272,1985,1,3,21,83088.08352158769
104.95427649405376,2000,4,2,46,49828.81590559676
118.41049763255539,2004,3,1,5,45134.07341920061
167.77639420895204,1985,3,1,6,100549.55228731161
79.95106732375396,2006,7,1,38,62211.192102434135
127.13516576204174,1991,4,3,22,68777.506447091
138.86218532930639,1969,5,1,18,99973.28595287548
56.96756190799966,1975,5,3,14,73905.02772770872
141.13172778521576,1966,6,3,10,85514.67601018089
75.57861855309373,1976,3,2,46,60420.527212249435
59.75773894779193,1982,2,2,13,68036.06681588493
192.33283058799998,1985,6,2,31,109949.99196348508
194.8448049611839,1980,5,2,30,103482.2500900987
171.25960221746917,1981,4,2,3,81179.73713022021
95.6920653760056,2017,5,3,30,58378.230729796094
64.65081710095758,1966,4,3,6,64685.53615216764
152.63495397682354,1973,6,1,29,87439.10838133255
116.0228740609402,1974,3,3,8,82430.24056317829
68.30573522671682,2012,5,3,44,49833.32477516279
124.27653651669053,1966,7,2,45,96422.72072052938
55.15827816728276,1968,4,3,43,69696.13845380393
186.39806031181732,2010,3,2,44,75952.30339472624
88.81699724000254,2007,2,1,33,44880.24585843542
149.3783426530973,1967,4,1,17,100194.89794111425
96.75666141341165,2009,6,3,48,19931.397647080463
128.0102031766716,2018,2,1,11,44436.9863623035
132.00654190149194,1982,2,3,13,79815.1819196154
77.72816832882906,1988,1,1,11,44808.30966245364
195.4376941646838,1977,5,2,31,104294.54142752073
166.2699235041672,1990,4,2,28,79236.26484138894
190.92484123462836,1989,2,2,44,107032.20935354341
184.22410256414733,2011,1,2,6,85597.42802139276
139.68499682166276,1998,6,3,41,62247.44335531719
188.2811352534675,1994,3,1,16,83175.9634603733
63.273875307787925,1977,7,3,4,60042.68693625245
79.39742936287178,2018,7,2,35,28302.634047265303
56.78409333658071,2001,4,3,48,41585.47784125548
98.79954961448965,1998,2,1,26,47057.044195471
108.3015934534223,1976,7,3,12,63784.324686651424
90.70235476608438,1973,5,1,11,78437.818668828
174.3106263727894,1990,7,3,37,89988.48375405492
103.51299900403839,1983,7,1,25,60010.74210461159
92.14017645310712,1994,7,1,18,64795.60724355813
131.40441247373727,2003,1,2,19,54105.54645046787
71.1386337462144,2019,2,1,23,32073.242504244132
170.32954711310595,2004,5,2,38,79502.30426005635
61.182596551965624,1993,2,2,18,47018.65331855256
198.03304049007758,1962,4,2,26,117757.32126843462
165.8367153944986,1996,4,3,6,71186.71817947386
79.80735223012586,2002,4,3,4,43777.53983475678
50.828317568540356,1999,6,3,44,37389.90096175871
172.31921426822512,1985,7,3,29,79629.98081506514
156.02860157714258,2014,6,1,34,57240.83884198496
159.3510752061481,1982,1,1,17,70119.13957320696
165.69055200289188,2003,4,3,43,65795.62812944652
61.106697760113555,1998,5,1,43,40483.25439433736
103.76985928164089,1974,2,1,16,72769.16025953846
67.38035892876945,2015,7,2,2,29199.13321992305
179.46551388133904,2008,3,2,34,70222.01216580042
143.4947190241337,1963,5,2,8,100842.83088810075
99.63470372789737,1988,7,2,13,71635.58185969444
59.53375254290354,1981,6,1,42,49962.47349438839
96.64734825734934,1984,6,3,8,53162.19592331335
98.77749830401206,1972,5,1,30,65012.80536877259
159.4409267507096,1977,6,1,32,84760.2488132636
145.63362070328196,1992,4,1,36,69970.8730328195
183.08191138644898,1975,1,2,47,90624.61275396011
120.83223877429239,2004,2,2,30,43488.50498978877
67.93913689074526,2001,1,2,1,38420.532792481696
156.98671808344926,2003,7,3,43,69910.28162617449
164.11775729253463,2021,2,1,39,61785.62184611604
134.19157963542443,1961,2,3,17,89283.24335954411
165.64507699318415,2014,1,2,20,57763.5448765209
124.06933945465862,1994,5,3,24,56153.81874792448
128.40992440729912,2001,2,1,22,60808.58561844197
114.13115275378244,1993,1,1,29,54755.059484226585
53.81286901161428,1989,2,2,22,54075.13883589629
66.18371404899567,2018,3,2,44,10996.44929535759
54.714377853010134,2014,5,3,9,25018.016631378414
145.46156168956708,1972,4,2,37,92449.54189878755
97.15339716144899,1972,2,2,10,76784.36431165974
126.28560367470541,1977,3,1,36,106616.01774221659
186.13497108891394,1991,4,2,37,89938.49157235326
87.39383437233124,1991,4,2,28,46777.604343279265
111.55743845534445,1994,7,1,28,60712.58906571261
163.3326707814573,2018,2,1,42,40237.33789977267
84.31972482374337,1998,1,3,43,49489.9199541554
61.54698647431895,2005,2,2,21,29533.535372288094
93.46271793706521,2011,3,1,24,51792.71813672118
74.18319308810067,1988,4,3,42,49759.555180474854
189.45464785138597,2021,2,3,40,62268.73519746332
171.21805693466254,2008,1,2,2,62009.83866635473
145.0105634765635,1988,7,2,8,93891.68256150236
180.71908852815767,2021,2,3,48,57603.298897268185
170.55081153486717,2012,5,1,27,83290.81389525217
77.98550883290537,2003,7,3,22,52537.170271054274
183.88384977349668,2016,1,2,37,70585.82220540286
130.9013362873476,1975,3,1,27,86357.73235937947
171.11602327460938,2015,4,1,29,66672.77996454533
184.41369498852399,2003,2,3,3,57047.382703101095
97.70052124577958,2006,1,2,44,45121.322432226305
66.50778867915152,2016,7,3,13,39003.91631558867
84.19027438129126,1969,5,3,45,72968.11047964632
114.06616829393845,1989,1,3,10,52367.95202014578
172.702214888374,1984,6,1,36,87486.61996073749
179.10958748845152,2022,5,1,9,76573.93140909038
51.04281957967861,1998,7,2,27,52781.76302925078
126.61209538663486,1979,3,2,34,77563.58852233014
112.61165047231685,1964,4,3,1,95497.98791227592
83.31617157060954,1960,7,3,32,76729.78126750235
67.97980510005242,1989,3,3,25,35555.22566174854
100.6422757105442,2008,2,2,29,37948.02283186772
191.43645558687788,1962,1,1,7,126859.82436114535
98.48043980311328,2004,6,1,49,47004.201122640945
127.81859326150492,1973,5,3,3,80911.73818470129
155.45284383427668,2015,5,3,20,55037.471187534196
104.5444403568941,1989,1,3,20,82604.6980027983
195.7673124081441,2009,6,3,30,91189.78287606387
194.3670942413167,1963,1,2,35,133497.93060687633
87.76734437380463,1977,2,1,35,66539.75120814086
124.58727588385781,2021,3,3,49,46932.4276526283
95.13174647251546,1996,7,2,39,39973.09844754673
92.72607415662014,1984,5,3,27,78787.16650816878
55.53304210317992,2007,2,3,26,22782.11711827463
141.4346500969845,1960,3,1,14,99998.15066672165
125.40185348432922,2012,2,3,17,40447.53076897033
57.7218126874984,2005,6,1,18,30827.87553886256
91.7969696354917,1974,5,1,45,63366.4665801505
186.23988289499806,1968,7,1,29,98793.21226174124
85.93428360004586,1974,1,2,20,64589.05804852397
71.73423081368347,2008,1,2,27,33037.581294854266
123.41791404163445,2016,3,1,18,55958.71333029341
197.8475681165901,1983,7,3,4,85305.64250435184
86.30829072672506,1963,4,1,1,81097.90148815619
150.8203321108818,1971,6,3,1,104025.69115632011
164.24294229930763,2018,3,1,26,53140.91904465833
85.64563159885995,2017,4,3,45,28314.50057218197
159.23245229177894,1996,2,2,20,72064.48943573117
105.16746990788798,2020,6,3,23,50747.49305597349
144.84587458903692,1996,2,1,10,71994.83868624465
145.0294566141342,2002,7,2,11,59996.69403816428
130.36620261121377,2019,5,3,41,52148.62729524453
63.54346550816125,1965,6,3,41,59440.11815408415
175.2953743383857,1998,4,3,5,84402.20740594518
98.11700974576038,2015,5,3,1,44921.17600074579
77.97777655997814,2022,1,3,17,26115.248256604602
56.11627123321459,2005,4,2,22,27849.02338549207
138.63394147823627,1983,3,2,34,69723.3732206363
151.63465427634236,1970,1,2,45,98238.56964636182
52.48817433917842,2021,1,2,41,34636.25732664415
126.81395874489215,1972,3,1,29,77471.1101531797
83.97436627969068,1993,6,2,4,58776.17691942205
146.77591856141748,1984,1,3,5,59362.50538240456
76.15496435074871,1966,7,3,11,67600.31199865263
153.6406607153699,2011,4,2,21,60381.60888590195
108.01030194508061,1963,5,3,35,76306.25641370585
190.50949831051017,2018,1,2,12,56787.78574525708
70.62814162189899,1967,4,3,26,64310.646921880834
101.15995265753878,1979,2,1,19,73469.91308052537
67.02102818608836,1988,4,1,45,51233.01827176276
188.7040427417844,2022,5,2,7,40028.9004892856
181.60090300714714,2013,4,2,47,46273.269375793476
88.69124415727333,2012,3,2,7,34338.721468610245
148.99760690512687,2010,5,3,26,64676.14793207358
172.58333003018237,2004,6,2,40,44499.95058180236
133.28012173991937,2005,2,1,5,54386.734760459505
129.44758675340097,1969,3,3,21,81771.79746084608
86.27784363506775,2002,6,2,14,61566.7308726048
63.96541517088488,1993,4,3,4,44339.40643413683
184.58236369299902,2016,5,3,23,69804.59895530899
185.06270857449957,1985,2,2,42,92331.3839732245
144.9652185909902,2000,3,3,20,45583.90077922506
100.8544686573051,2008,6,1,15,54938.41276350891
102.38143619189913,2017,6,1,45,42668.39591213262
158.8933518305359,1962,2,3,29,106550.69194590666
184.56653899288656,2015,7,2,8,106032.33876222925
183.0629636397676,1965,4,3,41,85477.7596969444
166.98133187864357,1964,2,1,48,119541.36606120414
146.30474692314317,1964,6,3,19,93216.94888293941
62.62099474925732,2013,1,3,48,34659.58746880729
74.24430711419207,2006,3,1,39,40418.16968124519
184.78312827906188,1982,2,3,46,88992.57514973813
140.9643589489385,2008,7,3,28,53590.97840229396
51.37955774249445,1968,6,2,46,67708.95467847843
65.22073142990482,1994,4,2,27,32594.482462254655
149.52526536620837,1979,6,1,4,92563.37128508017
50.759237576932804,2017,4,1,15,20865.8272242273
74.1212077126248,2008,2,1,35,27935.668923383862
132.31006840498793,2020,4,2,37,42592.89194153824
153.78427965390398,2018,5,1,1,67706.77606479693
147.79418892539007,2001,5,1,3,61584.905807454794
83.64039641908397,1994,5,1,47,56876.655107821396
156.82688320213038,2009,7,2,24,55938.50220348438
85.58736312452001,1977,7,3,27,75055.4274365922
98.80995472389016,2021,1,1,40,43098.06380506909
161.9737107677036,1976,7,3,36,109678.20156327519
147.44493485708222,1983,2,1,34,79477.84100213251
177.3835115741267,1962,6,3,29,113701.60151981708
148.6419338450515,1991,6,2,24,76173.2555489049
135.24629050032075,1994,1,2,24,81732.60496872637
64.05121517421387,1997,7,1,42,37827.04067617685
105.15737045891503,1972,4,3,4,84797.26426644732
89.78035515225882,2015,1,2,3,36387.133584510826
86.59844650686253,2020,4,1,34,32737.652180973782
195.95158321286684,2006,4,1,49,78302.99980834378
108.96465870001407,1984,3,2,23,71411.801574271
183.806983276567,1968,6,2,23,102979.80455175052
144.67079389958943,1963,5,1,45,98548.3700015821
169.22169553124726,1973,7,3,5,111547.68923499601
125.39556396577882,1996,4,3,31,74073.16604588582
136.53558269395387,1993,3,3,41,78652.22073315512
123.87765407282959,1970,6,1,6,80007.90096161017
79.28644816970667,2000,5,2,37,38293.526168628756
158.3678172892258,2015,4,1,10,68463.35076914527
92.11585436612836,1962,4,2,40,90195.22423513644
53.647394964718075,2018,1,3,7,39820.92524692524
146.82084438607518,1987,1,3,39,71806.44705613026
76.56660191105735,1988,6,2,38,53674.49401971373
191.06878765293715,1968,5,2,21,89925.79467062681
193.0892865503881,1962,4,1,20,107802.07490450771
187.22965853306727,1984,6,3,3,102334.60266571466
105.52380503831665,1993,6,1,22,55992.18771921301
52.31849247933012,1971,2,1,47,68700.34569580728
189.2477843881588,2001,7,1,4,77469.30425646954
114.22762224759715,1968,1,3,28,86508.85695649474
194.99822285655043,1974,5,1,12,91222.55295880845
194.54299656338793,1999,4,1,38,83414.9934653554
177.951418320104,1984,6,1,36,59674.06578702398
94.16733381043785,1964,4,1,47,78581.2385615115
107.76465929028879,1970,2,1,41,63424.66534993524
177.67050072752852,2018,5,1,5,74361.09538372672
97.53830077344165,1993,6,3,13,66035.5637596776
75.42391200291388,1983,4,1,23,64293.88342053498
133.52018936875254,2019,1,2,30,63466.119082219564
190.42321612411715,1974,7,1,37,91837.79962898676
154.40446950124596,1997,2,1,25,89594.97282952938
135.50917551340473,1967,5,3,48,99774.66829662527
64.57647406561529,2018,2,3,27,26007.389347495126
142.25108400487545,1964,1,2,14,106231.52667329207
198.50807751563949,2007,5,2,48,66289.48813057551
71.01260228547861,1985,2,3,47,48458.639070366844
127.74944785456051,1977,3,3,36,74038.93712397115
181.60596078919332,1965,1,1,39,100592.01115611785
161.11529266313067,1996,1,3,16,64369.01137133667
154.5523611492902,2019,1,2,22,66796.53901574032
155.37261259806638,2007,3,1,21,61823.239775721595
103.92367268296327,1972,3,2,21,80502.15148845778
94.03877663967401,1987,4,1,8,56308.119327765395
171.40417332177702,1964,6,3,49,85415.21899104794
171.5170092018771,1972,7,2,16,99955.67634447735
180.06084778701555,1976,2,1,31,77495.7045819069
186.9860828834707,2009,4,1,42,71609.48440418653
126.70135982914067,1999,2,3,10,48527.257560414095
125.22744420307994,2004,7,3,32,77640.99325323207
169.74427684501626,1991,6,3,34,90636.9102752521
147.49458961666477,2021,3,2,9,51905.914797714235
155.2950315886555,1988,6,1,17,92225.57625314334
169.36890041541517,2010,3,3,11,57747.51034996719
183.50080127263493,2017,7,2,32,70285.0341684914
100.69927352773037,1962,6,2,10,86007.88639550624
106.3374428959916,2015,4,2,22,45941.43368213418
64.09729097613035,1999,5,3,17,56152.72229390679
136.74202114942608,1993,4,3,4,77347.52737262585
55.39134106951131,1999,2,1,48,43704.638949103624
119.83970271986902,1986,4,1,47,54003.036453677734
131.39669520613649,1972,7,3,25,75618.54560904631
92.98118781924266,2004,1,2,21,46867.26700981556
138.62498908535161,1992,2,2,37,72321.22046837199
54.57503749085741,1965,6,2,38,56470.474000517985
55.60222831238217,1983,2,1,49,77797.43524949886
173.39008409894873,1978,5,2,1,108180.96578222036
104.02859621168943,1975,3,1,25,80629.76206743167
69.05907689778272,1999,6,1,36,45638.09168217226
128.33648900822067,1987,2,2,17,70178.85700345469
165.49903296479164,1992,6,2,41,69930.52528921513
82.37315412452648,2018,6,3,24,34486.75142254657
143.43357137285005,2018,6,3,2,54607.59681328252
62.8021197490652,2007,3,2,40,24223.030169903315
57.75225817529115,2000,7,1,15,44067.44162503632
129.7031947352222,1972,4,1,32,83158.36793231918
131.09526824151598,2002,6,1,39,42050.50489368088
145.61448522473097,2004,1,1,6,55280.49545962427
158.91370005839923,1984,7,1,1,79738.05468330331
196.37781191938018,2012,5,3,47,91590.22014921595
127.4450522451793,2001,3,2,23,66399.04691889137
98.44347094118689,1995,2,3,39,43578.22559135715
169.27792921530556,2022,3,1,17,61443.741658768035
90.62483768931114,1986,2,1,34,46314.41141740969
115.84571310584542,1997,3,1,41,71380.62447062436
61.76845720133989,2019,2,1,29,22019.290642223183
53.80261151231863,1966,6,2,9,65804.42156630388
194.39726220168876,1964,4,1,13,123777.14513592853
175.39701807683088,2002,2,2,6,61547.46973720676
154.3961309140547,2004,2,1,6,52547.6574230865
111.34294166214048,2017,1,2,20,37366.8892351821
75.99414801062687,2016,2,3,3,43782.03291338123
73.4655564006629,2010,1,1,17,22246.206165430445
87.5364347246893,1990,5,2,49,29339.374436301106
132.3839997059181,1982,6,3,12,73003.61132768543
157.18938840500937,2001,1,1,48,75274.22452061201
149.0296065076597,1969,4,1,47,104911.49944968619
91.99008454189143,1991,7,1,45,53565.41174171344
193.2297920994791,2002,6,2,1,75654.67155868372
160.68453750436527,2012,1,2,17,73544.36859386705
133.15310787671012,1989,6,3,3,53448.51536605883
141.75811193515284,1998,6,2,26,63642.22582871576
112.94000936416849,1990,6,2,15,67186.24170850113
87.15964842517363,1977,5,1,36,72440.08174040244
103.39590179768925,1995,4,1,32,53320.70360739795
163.67691656965536,1961,3,1,32,104047.48508795504
52.15902329446338,1973,3,1,4,35764.433454209124
67.41089607603743,1972,1,1,18,59440.784699472744
56.90039630326291,1988,6,1,49,54605.20601652355
56.10932034784552,1971,1,1,19,53609.85576180686
178.3190876016511,1998,5,3,43,79085.5684963913
155.54867890700353,1961,5,3,35,105733.32868012803
121.12607436309878,1991,2,3,40,63512.33030035199
64.67512409765023,1972,5,3,14,66907.17493926077
123.74238126752485,2005,2,1,33,46895.38872741134
121.02076561708485,1986,4,3,14,68840.116888165
75.98028048650228,2008,1,1,34,45896.24584184291
115.07774738569596,2000,7,3,4,59493.05382539313
109.775710159606,1976,4,2,24,69667.40035224245
142.37751470783246,1999,5,3,29,69155.41845525766
145.26404763014656,1990,4,3,19,82125.31219541015
56.795601465806676,1993,4,1,6,25539.267653967225
106.19189219397069,2019,4,3,33,51648.30830775018
143.87898735713546,1983,5,2,49,76801.14882032991
125.47043878701315,2004,7,1,40,62096.030968506246
178.47347617824835,1994,6,1,19,93714.51208992678
148.80404474284177,2007,4,3,1,48724.476450547874
74.44016406221445,1965,2,1,5,66637.63919438887
60.58531211006448,1978,5,1,27,56290.10667426229
146.36289173094735,1989,4,1,16,68271.33230803993
53.976696581243274,1966,7,1,6,84142.37473274107
137.8663371910195,1969,6,1,40,80992.18021903792
191.03453621374365,2000,5,1,13,75154.89306925444
136.32112668138183,1991,3,2,48,73540.22832044431
108.22548893097829,1993,6,3,35,49446.151418532594
146.49323276635297,2022,2,2,19,45791.162712343255
118.73793357372749,1987,4,1,12,72595.91268462
131.84251839739022,2019,7,1,16,44424.151475391955
191.21972131647877,1974,3,3,43,100632.04780594415
107.91539567011614,1989,7,2,10,59281.29757655114
194.17858457358713,1996,3,3,25,69708.87228026848
185.80259629340955,1988,5,2,20,91956.71100141524
79.36867021839447,1981,3,1,31,79959.93178199076
60.40419513127482,1963,2,3,4,71305.27484721682
65.116700206614,1979,2,3,44,61987.65123445969
52.73327384773246,1991,1,1,23,53347.209705488334
64.16644411338926,1995,2,3,2,33956.628268549786
152.45101601245352,2009,6,2,22,78960.45138503211
60.678297269034346,1963,3,2,37,73226.77714493833
97.8463445440642,1986,2,2,8,80272.47235411034
176.73129664541818,1976,5,2,7,88289.05903838556
53.49079036037388,1971,7,1,14,80827.85633369042
172.17027238834038,1981,7,3,3,98002.63665684995
92.27821621600998,1976,1,2,16,75813.86572332658
67.72472414324844,1969,7,1,19,70857.66178650601
154.5105748046226,2013,3,3,18,56867.886260642284
144.3414270169826,1960,1,3,16,110707.74468983352
181.62080202905796,1981,3,1,8,94489.83930719786
160.26065657058285,1985,5,1,33,63807.499935303334
170.5221395577273,2015,1,2,49,51384.77725024816
92.30518588569598,2018,4,3,12,34833.09824378132
76.61593156695842,1977,6,3,11,67884.76930174307
162.59221274612875,2009,6,1,5,64411.77893483966
171.0252108900896,1973,3,3,27,108497.27116496352
198.575771300101,2006,7,2,12,58661.71274964405
111.89265153671397,1988,4,3,17,68003.67482606579
105.80271286891747,1971,1,1,6,60161.02160680368
166.46194411129954,1995,4,1,33,84935.70618823155
101.12053103795267,2018,4,2,5,38391.57216696577
189.6135988405347,1994,7,2,28,89280.17937240159
178.76191277645177,2011,1,3,14,59589.744227037874
114.34910410625275,2020,5,3,5,54499.38054845334
162.6306601687246,1971,7,1,33,105806.44469120589
163.18143111270234,1966,4,2,48,105389.87236392958
65.4685803253899,1988,4,2,41,51345.40162898256
185.382936001935,1970,5,2,19,108813.45365353182
125.78785586717858,1992,4,3,22,60467.43108028009
173.96861991616123,1965,4,2,5,112146.14256505549
98.00744015459176,2006,4,1,2,64497.04098961673
184.32848427443008,1974,6,1,30,110204.65088212088
108.38025181012446,1991,7,3,47,55818.05084496325
51.625647722044754,2010,2,3,39,34501.867489344455
185.80729646288955,1970,7,2,4,90210.77350128039
63.69300151792004,2017,5,3,33,34631.80356713277
97.89704563856223,1982,4,1,13,71675.14782019405
192.50929505762073,1985,7,2,20,74454.62512196458
192.5910720406334,1993,6,1,7,75159.48317306639
136.0156832184929,2005,5,2,15,57373.3159981102
144.77558182546989,1993,3,3,23,69424.07707623269
117.26682829674796,1988,7,2,14,56085.279134836346
93.98161575470968,1963,3,2,23,85084.27201993474
99.2996818054874,1976,4,1,19,74904.64063105134
150.87776841155576,1994,6,1,29,71520.63920368152
162.856179415652,1972,6,2,20,87098.93882311197
168.73685655887726,2000,7,3,29,84508.1282318288
168.4427214191831,1998,5,3,24,92086.88755663787
63.680915457303556,1974,5,1,18,58468.65979872569
124.16304570538722,2014,6,3,10,43327.24454006796
58.63381400249664,1988,5,1,41,55502.22085486896
132.42933234856034,1988,6,3,8,69148.50590709825
116.22957520600656,1970,7,2,26,80874.90055516963
183.15562741374495,2011,2,1,29,76943.2197413702
102.6372518828118,1991,6,1,10,42297.614689770606
67.56005246414088,1961,3,2,17,88051.03898776894
71.44875230792537,2006,5,1,2,40761.43093567102
164.22659475762083,1973,6,3,6,90153.04698166446
142.73270949743915,1979,6,3,5,82127.47130701724
65.16840141841854,1981,7,1,28,57774.81397573075
62.616020917249614,1970,5,3,41,48872.79324072563
155.14536971886798,1986,2,1,5,96092.99319019275
60.91445095462903,1962,7,2,18,72487.5916090949
173.27900889355345,1976,2,1,26,99013.72397253978
155.93633407347443,2021,7,2,20,62896.39792778276
62.202317096284965,2003,5,3,41,29449.070553282487
62.72565711277879,2015,1,2,49,34952.416124185926
197.99593677517632,1987,5,3,27,90522.37012356496
106.14061936341804,1988,5,1,49,73309.89356119034
105.59632206003363,1980,2,3,12,49806.62241449513
171.91993508862538,2006,2,1,7,69185.03752417491
192.08728660757882,1975,5,1,3,94997.97942443403
197.90015957343064,1996,5,2,10,90292.67737837075
163.00672778884126,2018,5,2,34,62602.4602103344
106.43893782963737,1979,2,2,25,65055.422400670956
62.52510750480032,1965,5,2,35,63035.793609679655
166.5720373891155,1978,5,3,16,89864.95753116136
133.76063746037076,2016,4,3,2,41761.76896495915
113.63330138704644,1964,1,3,24,94709.8273706352
185.9531577642104,1962,3,1,10,105893.87532478865
66.6796223459227,2018,1,3,38,-65.9954894396069
123.89376564362887,1960,4,3,22,88819.9091268706
51.70304671511286,2017,3,3,26,14925.475806094137
120.29909629911894,2019,7,2,43,27976.97073512623
58.4454913522756,1997,5,3,39,30959.38102345696
67.82268744021079,1974,4,1,27,65640.89095039293
67.62893701656573,1993,7,2,29,62575.089387452026
147.38154531740952,2020,5,1,47,54746.30833387266
161.9067318898135,1994,2,3,38,70706.98568478665
137.50531476457394,2008,6,2,20,62810.63638107921
194.32588227118129,1984,4,1,27,89906.86157916447
106.23058692855561,1983,2,3,41,61923.17238693524
92.8568129422791,1971,4,1,20,62913.41720035389
180.28986922841904,1977,4,1,44,78368.67270100853
83.5393757779179,1974,2,1,19,65362.57566778091
194.4833809160917,2003,3,3,20,80925.54917402883
51.82317120347245,1975,1,3,35,57980.71466089284
195.48182400614584,1986,5,1,47,89084.87792237017
56.473986792586416,1967,4,2,2,57284.73543080811
183.67146705471066,2019,5,2,30,69383.90203326289
129.15516636294498,2005,6,3,34,44975.23070941764
198.94471941789504,1984,2,3,22,103643.69496380327
61.06948471030983,1976,5,3,3,50898.675223825696
133.07814266019813,1988,2,3,6,65399.09042452909
195.39538034286485,2012,5,3,15,57750.762196702686
128.46467662552232,1967,1,2,27,83325.38151880032
144.40979572028937,1974,1,3,10,97276.06330086659
154.36230334769257,1986,1,1,9,86064.97188874733
118.18115971516599,2005,1,1,33,64638.56903483015
144.13371201260952,2009,1,2,32,64661.53906312221
137.64714678846502,2011,1,1,48,44857.44575123582
185.17370157364834,1966,2,2,6,102844.21822881892
56.81695705121868,1962,4,2,41,63043.095824190976
92.14447843883454,1988,5,1,36,73949.09257204077
192.56172261148382,2003,1,3,2,66800.63031918203
183.53956758363745,2012,2,1,29,77798.84716898235
118.34851291785694,1983,2,1,4,81434.09257644477
143.0198896702305,2019,2,2,1,69402.16891823002
91.6071774471699,2017,4,1,19,33185.287307856
78.2181739585642,1962,5,2,26,84388.67378337088
119.55476074099732,1979,4,3,25,98882.94658768763
103.00283420390792,2005,3,3,10,44124.433491835414
137.5484167776308,1974,7,3,15,70114.12255796565
61.66019554474772,1984,2,1,22,35897.95832434668
196.15922114992497,1989,3,2,48,98174.8866335908
197.93161167194043,1973,6,3,21,85547.9814209963
154.72425710296176,1966,1,2,22,93294.0866015093
130.41445495161804,1976,7,2,36,86097.46835587503
96.42914244294917,2021,1,3,34,37380.4981011839
172.0692529560423,2003,4,3,30,76875.2245286544
152.7096758830819,1979,7,2,25,88235.80132293311
74.3925409017337,1995,5,3,45,62506.42040365404
186.63907767407636,1968,3,2,28,95468.55949483493
173.38058643847535,1997,5,2,1,71044.2245469573
192.4699869937886,2007,4,3,49,67814.40164542834
158.857926258254,2016,1,1,45,66559.2959961023
142.01227939036846,2019,7,3,4,59807.669701061175
112.73645544359283,2022,5,1,7,44133.18982626293
189.909272503102,1981,5,2,49,107407.71841982986
179.90958342506124,2013,1,2,9,55192.466353754564
56.782800515928415,2012,7,1,36,47507.0812702899
53.9550461745878,2012,3,2,19,45218.90006949892
106.46950503170744,1961,1,1,1,93897.0714819697
171.58299961727494,1983,5,1,10,106292.88897289307
198.09141939724168,1967,3,2,36,92661.19374239475
72.56253366552923,1970,3,1,9,63924.278737032255
139.11960730282027,1972,1,3,45,80182.84758402656
107.13362849465324,1976,5,3,46,81954.88178596941
195.48715967219047,1967,4,2,42,97944.74050563568
176.31783847035632,1980,5,2,32,99870.30303448175
175.74930570667067,1977,2,1,32,108230.15315196833
120.30397396924555,1989,7,1,6,75243.22119161366
112.22292535064977,1977,6,1,48,78304.38784180993
91.01106078960593,2005,4,1,38,36824.58482787429
58.456324497639066,2006,3,3,17,27668.387688038078
179.708356438258,1990,4,3,10,97808.69598444407
171.93515136951163,1997,7,2,27,85174.03544990682
199.95765099291958,1991,3,1,35,90197.10010410045
199.4955255610858,1970,7,1,21,103069.56221066683
133.31475584039413,2004,3,2,25,39936.34802100447
165.34811227707658,1984,4,1,28,75095.90949627859
191.7148594823642,1992,3,1,47,106428.6487161065
177.44710860161172,2019,3,1,15,48629.57687045885
87.10221526147964,1997,2,1,4,53825.462790654696
117.58162029651403,2000,5,1,29,68748.9258209062
69.37391227272425,1967,5,2,9,58062.94700179435
193.10765408880835,1970,6,1,27,107179.40097445334
140.926195167632,1981,6,2,26,90257.01392539614
84.2964208255194,2010,2,1,19,40813.91946672832
150.7551026608785,1983,6,3,28,110910.56135493124
142.71923606868438,2000,7,3,17,49529.77823182335
103.72440770492608,1976,4,3,43,84304.60761031661
67.03363882994435,1971,1,3,41,64982.07427501866
150.73597933891995,2016,7,2,42,63539.99535004274
128.046155135569,2005,1,2,20,62226.918057663155
165.8477587603459,1991,1,1,45,73022.76565700381
128.024525166799,1974,2,3,40,84897.32147463312
177.827225047781,1975,7,2,39,78169.15300035143
132.78602581617284,2013,2,1,49,58868.28275056579
134.14069573030793,1981,3,1,23,81823.79337899764
181.49804039875175,1987,1,2,47,94636.01380605655
110.52242993185956,1979,4,3,32,83937.91223042937
70.1022842675961,1992,6,1,47,54506.88368237594
54.31740144700085,1969,4,3,33,65976.11463208302
163.27058835104285,1999,6,3,46,64370.49313869992
143.04643270301972,1991,1,3,5,66391.72217441541
155.61196521488353,2009,1,1,43,74750.93576623837
81.94462422633661,2019,1,3,48,47146.74132496076
70.45572133801546,1992,2,1,34,48555.6120382841
52.18169985018229,1961,7,3,40,70714.53742758743
102.58813382098955,1992,6,1,11,51530.296396359205
138.48765302819496,1992,7,3,3,83073.86436113293
108.83660676495984,2000,2,2,33,62705.15026640573
115.62123830355937,1972,2,3,11,99898.5458557053
185.62380417406226,1989,5,3,16,79103.9104804213
102.23832005349504,1992,4,1,18,56691.41702586634
127.09842337397161,1972,4,1,30,86243.9862374472
167.54795191117148,2011,3,3,48,71329.28095060914
109.48141734819052,1985,2,2,10,66087.74882898084
143.313005034181,1981,6,2,18,72864.2906057173
179.35455631201177,1998,5,1,38,87620.44218283924
192.42809354864633,1961,5,2,19,119539.78169004971
72.06102213935569,1997,7,3,36,38255.56563616946
188.98814377422417,1998,4,1,13,95250.8711433222
123.81744396193073,1985,2,3,46,84247.22028054525
88.73665824484375,2005,3,1,3,47363.96244593106
118.8703634357392,2017,2,1,10,46257.08765448212
197.00488629282157,2009,7,1,38,80842.04359900554
123.89271409893044,1974,1,1,1,72750.78352711655
99.31274154312624,1993,2,2,27,59094.13725457869
145.01012814750885,2001,7,3,46,44579.20299816085
86.02184281672896,2014,1,3,8,46771.10930004805
61.379499216299585,2003,1,3,46,23798.917540471284
69.33195828659738,2008,3,1,42,52833.785770269205
69.20687584366587,1999,6,2,17,41660.86181343526
72.78540402684415,1970,4,3,9,67118.95138874148
70.82407589741152,2020,2,2,6,22369.8837083784
146.13121172048218,1962,1,1,43,94758.97477692389
77.28201265987173,2018,2,3,25,46369.91724944188
101.85009249857947,1965,6,2,39,57076.94118422305
184.51826148590177,1968,4,1,49,117125.13230665242
121.09424603943086,1965,6,2,28,91108.50862284633
150.13366077815408,1968,4,3,33,81969.88175487406
75.84798068024448,1998,5,3,37,37001.27027358096
78.84335282130061,1990,4,1,9,71816.93611847221
56.13029243997183,1991,3,1,18,37984.018932564235
75.34025946082468,2000,6,1,21,34468.572732287816
91.78855085479378,2009,1,2,2,55109.71068008542
76.55157264151202,1971,5,2,43,72951.00055531276
63.305380063558346,1967,3,2,38,59412.35825370352
68.09538066509012,1967,2,1,40,72394.86395357324
119.11681520490886,2009,6,3,36,41677.51772506988
80.95005776086887,1987,7,3,43,69093.23131248672
104.64047915721132,2021,7,2,37,48605.85339589474
125.51259062822854,1979,1,2,15,83173.839176688
153.5592242944048,2021,4,3,28,56284.37790079161
55.89682097616484,2006,1,3,18,52980.92754152319
169.9115598363564,2018,7,2,34,59970.33122478917
144.18505842363618,2022,2,2,22,37236.77627288284
62.26385479233079,1966,5,3,11,73773.8955660223
181.03679361601658,1970,5,1,13,122571.50858017612
188.130860079772,1979,6,2,4,86491.66309207308
59.161693978229565,1975,5,3,22,57533.88052652901
91.53164722208055,1963,6,3,7,84623.95454763868
170.9301919689592,1965,6,3,43,102140.00910063037
162.23895355754877,2017,6,3,24,48648.65026349148
77.6781529034566,1981,7,1,4,73122.02443334169
81.40239850050655,1985,7,3,28,83021.12677032455
105.5708154187073,2022,4,2,15,39432.559215851266
122.6784477786532,1962,3,1,1,81562.85143623594
142.73821572954438,2022,6,3,3,33131.85946832856
105.33704593546585,2000,6,1,14,57580.87359285157
119.38020741997218,2019,3,2,38,55052.83565915423
162.12064072006348,2001,1,3,1,75987.86968097286
55.50248043358968,1973,6,2,38,61626.70572088837
87.86554165160311,1970,4,3,38,67866.94597758788
157.00243788268287,1977,5,3,21,77979.09503762396
184.2810256530799,2013,5,3,48,76631.8209591728
126.75161631734991,1971,2,3,29,93763.20110906084
129.81702278979736,1982,2,3,5,61287.80897003187
66.07580170096641,1971,5,1,49,82321.13029209676
117.1118550235182,1972,5,3,10,86674.26871599547
129.89258996825347,1984,7,3,28,89163.72344193397
86.37057554520945,2004,4,1,21,32689.89517871168
90.38648464240714,2010,3,1,7,28857.70383856775
106.5926244656934,2017,2,1,3,40288.094242035055
53.01067966665896,1978,7,1,45,61931.04816894963
98.31187483747675,2014,7,1,47,59657.17068051266
81.7172010494817,2005,3,1,20,50975.94945299583
99.1246028266872,1995,7,3,19,54710.56807988582
67.96431977288768,2004,4,3,35,30325.603855207384
183.57909211098425,1967,5,2,4,117173.73336048677
139.0388680331073,1988,6,3,5,65064.60615242504
151.86534787167344,2014,3,3,1,74044.28990922525
168.37568579110075,2012,5,1,4,61468.85924126513
124.76632983935859,2014,5,1,12,65535.71967798608
63.03804321311355,1991,1,3,27,56300.72586452685
130.56598127278215,2010,3,2,42,53199.83948741006
138.02616770313188,2003,7,1,23,57213.8865926783
161.81592112764952,1977,6,3,25,86935.69756483404
114.7489319344519,1965,3,3,21,90107.84650408794
69.13704541933456,1977,7,2,24,63312.678587977534
92.56638586980867,1978,5,2,25,62831.80168025555
104.46234445979526,1981,6,1,45,68282.38923476226
146.88758619974018,1996,7,2,46,71452.04615711355
135.61674570033676,1991,4,3,32,49997.68276595291
103.41450888467693,2015,7,3,32,47006.033813290065
197.97728731894696,2000,1,2,5,72995.97394851602
140.86622290353307,2018,5,2,36,39726.542839002475
85.58401876039918,1962,7,2,46,62601.76215701265
65.26737089306056,1987,2,2,42,35441.28628923926
72.9288708776498,1969,2,1,49,56524.18623217205
86.89365925767622,2010,1,2,42,34377.88820099796
74.10220598893335,1994,4,1,39,69963.25317194569
77.98505360769586,2020,5,3,16,25536.719323356716
92.76427530407707,1988,3,2,33,62606.78365390343
76.00603929421322,2013,1,1,49,39806.62565332725
184.5148136939638,2022,4,2,21,62465.095970347626
62.03506184924633,1974,3,3,9,62036.08394751396
128.67670843553822,1992,2,3,6,56450.074894669015
111.55952404844922,1966,2,3,45,98577.13269732689
197.35679253629095,1971,3,2,35,123879.00419726614
66.80583532520785,2008,1,2,39,20215.1636563355
109.67833985686124,1989,2,1,22,54863.216048194576
195.42056499130533,1980,5,3,41,95228.06607362152
179.82606888409703,1990,6,2,5,75702.4427161272
172.56081064239197,2017,7,3,42,66627.89872727625
88.68542405674097,2020,3,3,23,26722.905192956165
75.63313810850987,1983,3,1,17,81340.50211061898
150.29648298866465,1979,2,1,12,97194.43084003535
189.40639836913786,1996,1,1,23,85547.65981706351
133.51443395208946,1963,5,1,16,103324.19281882416
135.74190342048496,1987,1,3,3,85581.57526971857
91.99686404904263,2003,4,1,30,42959.584334130355
165.42393997879054,2021,4,1,22,48065.00954821752
78.05656228362851,1979,6,1,9,64398.39931478502
98.55188546063656,2019,2,1,29,46381.9268831704
113.81546579246252,1983,2,3,47,72535.24372427294
126.14155680266825,2009,2,1,37,38272.5022188905
86.36145986226204,2008,6,3,23,34880.193519170185
67.22552371088054,2010,4,2,13,34827.92847732038
141.59300636624488,1991,1,3,32,72321.24586661517
93.29458298603836,2000,6,3,46,71113.7966637096
137.18573321339184,1995,6,1,47,54695.84054002757
73.15440729113035,2017,1,2,48,36802.21460569785
122.17101527822263,2012,2,2,23,65342.43566674968
129.8884148827379,1993,5,2,45,90681.02191904932
57.77353052336404,1995,1,2,17,40688.08492516959
100.49064172908808,1961,4,3,40,89661.48704592843
70.16220154084614,1974,3,2,21,70946.26403424032
59.50624557091516,1993,3,3,2,48806.69098680745
198.49403485849177,1995,7,3,37,85959.75844515448
98.35307674620844,1965,7,3,6,85265.67691886298
171.4811668781952,1998,6,2,44,51121.88921126171
88.19609821456459,2001,3,1,18,55879.5243649957
152.22540833358937,2010,5,1,30,62329.40153669648
164.034178983453,2010,2,2,22,62385.50472725325
139.34581109117664,2017,4,1,33,72072.36528454856
120.73642828252376,2013,7,1,30,42471.5882968516
111.77613712209029,2020,5,3,17,36902.081245976784
102.3302399814493,1971,4,3,43,97214.60501648212
189.4293716371739,1962,4,2,32,102308.1984426536
174.5929111681594,2004,2,2,42,67076.72052108243
194.7540365999769,1977,6,1,14,98755.95674568458
68.64458352283171,1999,3,3,10,53200.719878145006
159.63012128054663,1980,2,2,47,89367.06145769713
190.75106852315568,1974,5,2,36,88499.06708542409
77.18495992484903,1992,6,2,34,47633.80234618281
59.974440105016626,1994,5,2,9,40118.78769938288
161.16809739350884,1985,6,2,42,82978.2187658222
136.1709669769868,1967,7,2,28,94909.72667939433
176.2743165137408,1995,5,1,11,84464.35251300197
70.96585649394342,2007,2,3,14,21329.639407699007
169.29009677898352,1989,6,3,39,93626.43890930362
80.24409800716168,1982,6,2,47,64398.91786211474
74.54839142985568,2001,4,3,19,58809.83790489577
74.63986968964895,2003,4,3,15,47833.94417980141
172.1862080347073,1973,1,3,28,107669.09198776982
149.77958310443,1973,5,2,24,94599.32804583028
128.4598137153679,1961,4,2,8,106600.20167663785
103.82457261852537,2014,1,3,43,48569.8781457354
181.58008112196623,1996,7,3,9,80094.87187216083
108.8667661133953,1964,7,2,47,107584.37703848741
172.48991592073656,1997,4,1,33,86437.34599901989
115.87023628553277,2004,5,3,33,60698.51509570396
106.54166441373613,2000,6,1,19,42599.45515873749
119.40196785044097,2021,3,3,3,29537.514180496917
95.20668112462131,2013,5,1,10,44489.15915880492
162.14140702643766,2019,2,1,40,58297.63408561371
125.40805851387188,2020,7,1,47,38881.1919040784
84.8319042720226,2006,4,2,42,45459.398277727385
184.93618599118528,1973,4,1,1,116367.12507779154
107.58368320598171,2015,6,1,29,50629.1297072975
131.5329291670983,1998,2,1,34,53049.79365260211
185.97081664468203,1984,6,3,13,90876.15672197516
143.6356993870988,1979,2,1,1,75241.04500760404
67.53470610625462,1961,3,3,34,70983.41266779076
190.97481854202127,1998,7,1,29,78156.28890630996
144.15620796071266,1965,4,1,48,89870.40656217375
100.23584219856292,1976,4,2,47,60119.39893983494
70.8908108995081,2018,3,3,13,28990.696454670528
169.1037783905444,1984,1,1,48,81325.0571486902
143.01091338927702,2016,7,3,49,24208.787116760428
130.01916379644823,1987,6,3,29,93335.4693839511
184.08388745764364,1961,3,2,39,120712.86277945983
168.28958168367961,1994,6,2,24,74923.86725585393
72.75123195991267,1996,5,2,26,48613.56008537979
96.75831016933223,1964,4,2,17,69510.94957762407
87.27337097216986,2022,6,2,7,48939.24006975961
161.59194388590154,1960,2,2,13,122850.47011350156
55.02986521036691,1999,6,2,5,42275.89684557531
135.48345273069748,1971,5,2,26,97480.34226106269
164.36880286110357,2015,7,1,49,62463.50864767031
181.51484551426242,1995,4,3,3,68487.19926551942
101.31226230738612,2004,3,2,7,46475.44500257926
173.18859570080193,1982,5,2,49,91075.85837796015
66.59476054328108,2006,4,3,39,34032.95097554988
176.96784376017774,1990,6,1,1,82303.82035370296
69.12329934979736,1970,7,3,49,67222.99422984806
109.59309358405508,1969,1,3,17,80269.14309656191
169.59430486693304,1962,7,2,43,105200.87636505475
72.48761410231606,2013,1,3,25,24140.233566728806
84.38770928489623,1973,2,3,3,63146.151294189505
158.33788525895994,1975,7,2,15,78055.52292068828
158.00548048191115,1969,4,2,29,105379.79964143534
146.1721449327946,1988,1,2,43,55795.174061435144
154.092266670065,1969,3,2,32,105963.58343418875
131.40866650213943,1971,4,3,26,99886.09392327027
87.76985883604291,1989,3,3,16,55509.151780986664
101.85439902558792,2000,7,1,25,27924.94882940339
77.23965752021385,1960,3,1,28,74958.79163639125
186.26758420004424,1964,1,3,9,107438.43364712507
137.50876921491806,1979,4,1,1,71346.64856518627
110.12771251454598,1967,6,3,29,77686.12981628138
119.3008705466199,2002,5,1,22,72892.21315261949
192.0925009417723,1971,1,2,16,110877.0219055491
73.00271046741203,1960,1,1,41,68055.17199644262
137.9344748025196,2016,6,2,44,36004.35074480156
125.8833018326699,2013,4,2,41,47494.817373703256
141.71813531519717,1979,4,2,7,80580.87280105478
52.71652757312608,1987,7,2,14,54576.95014557098
180.81858634162273,2016,3,1,29,59492.408776810225
189.81774237254186,2002,7,3,19,83860.31846538118
134.76997753838134,1996,6,2,19,86382.5336621167
154.49762358153384,2006,7,1,2,73104.29729890278
188.37490717659435,1996,6,2,41,82631.58707967057
156.08579514700978,1971,4,1,45,91594.23383356999
72.8808564371392,1996,3,1,15,44897.52558934305
136.443254025022,2008,7,1,3,69739.38533202805
141.00725695742838,2008,1,3,11,53029.042627715484
113.6196006953579,2015,2,1,46,45938.107298607196
160.46663534370842,2003,5,1,30,69651.96962192339
190.1550522153522,2015,1,3,40,63428.67373649034
188.83527693601644,1987,4,3,18,76725.92760196392
117.62590571061982,2006,5,1,48,57117.51674936263
66.98570687611328,1974,2,3,2,63685.672344280145
197.72617984435018,1965,2,2,32,115720.25864767075
175.83471296689012,2003,3,2,8,68414.41082567537
68.69940218049003,2018,5,3,22,41818.033642277485
188.12628239260584,2020,3,3,6,55070.14690566331
180.48445430931923,1979,1,1,12,111465.7391329747
127.82570856891081,2009,6,3,47,37071.347472390626
138.69131536173938,1973,6,1,40,90955.09525409072
109.85040558051955,1961,6,2,36,92309.42849942211
58.2142458233047,1968,5,3,15,58508.70306758259
100.27958624688515,2022,6,1,28,40127.815252675675
170.4280172897017,1996,1,1,49,90523.59188451209
50.69480345069043,1979,3,2,45,33240.252641666484
100.02487575367164,1985,5,3,18,70434.91080100964
109.7253040386415,1988,3,2,2,40984.88300829168
130.6093404406884,1960,5,1,13,84926.15409697445
187.97834246191408,2014,3,1,45,84885.16638758368
101.95189915489419,1994,2,3,15,52967.74941254772
102.04298028443415,1965,3,1,20,70274.09444124052
160.62518721646225,1996,6,3,29,72808.17887509185
117.83269113347107,2012,2,2,42,69828.87072167684
83.69072344099729,2018,3,3,29,15790.394560238925
117.86592741990401,1964,5,3,3,77046.67910957776
71.12855305696998,1992,5,1,19,66112.88274888726
76.4580479759335,2008,5,1,3,58514.43782815737
124.75516591092196,2010,4,3,14,51792.23753037375
112.83881742568218,1973,1,1,40,66461.11820243824
187.226885160215,1971,5,1,4,123726.5005661561
104.35908486749497,2001,2,1,11,69852.14937774045
137.08825254170654,1979,5,3,31,88115.94564013428
144.83964318792954,2012,4,1,43,49127.86946700466
51.964168488250046,2009,6,3,32,31298.957138094647
149.53060580250659,1983,2,1,27,80255.58093030368
76.70539503046271,2018,4,2,30,35320.13155529459
194.16054762041827,2002,6,1,43,94558.17866743884
72.29940916296694,2021,7,1,2,37083.993160264115
112.19361855905356,1993,7,3,49,51884.32479786848
62.80245021179658,1984,2,3,9,68805.69956373435
199.5311377768921,2009,3,1,28,79190.66273319918
125.32925154968639,1988,1,2,31,77469.43342349508
139.30775259800657,2016,1,1,34,67057.734372188
60.06147160826412,1998,4,1,15,31902.638987343722
162.49407055987666,1990,6,2,48,79789.96538089837
81.48583896433786,2015,1,3,25,30531.2061757092
184.70814341610705,2006,6,1,36,58333.84877117755
80.77094607230107,2002,6,3,8,49498.38359773952
78.60315809954999,2009,4,3,9,64896.512945709226
55.48245017721423,1982,4,2,37,36043.95760810675
120.8100417664999,2003,4,2,48,56920.206419455266
134.72616998939247,1997,1,3,45,72623.28034756548
59.856295914252854,1979,7,1,39,59387.67079083766
166.3291425042516,1982,4,3,32,86567.46222611808
117.99332521220414,2021,1,1,17,29005.833929203
128.658540399137,2004,4,1,35,61125.42954914274
116.11441204073422,2011,5,2,37,41866.683842061
110.1144591312989,1975,6,1,19,54535.12068960415
133.94604969623268,2009,4,1,44,68329.73711400712
73.28603688960688,2001,2,3,29,54169.66926530248
77.28921957429067,2019,6,2,7,31903.375640798
179.26784315202758,2014,6,1,28,68271.0998276653
191.9173193200449,1967,4,1,9,118118.37592316908
105.99639744196294,2009,7,2,28,50242.31580036971
90.61170097153307,1980,3,3,6,75623.68583907306
146.59993148585238,1960,7,2,29,96405.15743701722
111.31012566471446,2014,4,2,17,58712.875085153806
53.80795334905173,1967,6,1,16,69150.24326404235
73.42288960492856,1988,2,1,23,56967.386317537304
157.39583432710964,1991,6,3,31,65118.13941101257
148.8385912865227,1997,7,1,3,73321.13592897389
54.06439887552252,1964,2,1,21,60099.77048771224
83.29582428994242,2006,1,2,26,37205.920021697784
84.66121948821072,1981,5,1,36,55844.60956330201
150.78391153980925,2006,6,3,42,53172.82414295052
52.956580663154625,1993,4,2,37,66134.688229116
65.61628729768607,1960,1,3,22,88398.27680918985
169.9874128059784,2014,5,2,42,82399.89886323613
76.78169930815004,2014,4,1,12,23005.55959688937
147.91191617778122,1985,3,2,42,80486.11235244329
85.72741715700897,2002,4,2,13,34583.148895061735
64.91620891390177,1969,2,1,11,60717.913902199885
86.47582864991811,1989,2,1,16,48961.47876080968
158.34003977834885,2009,3,3,8,76097.85199792027
178.35447021594285,1977,1,3,40,91344.04428376525
174.53297968504876,1976,5,1,40,105643.68724245478
109.57752944276822,1985,4,1,45,74314.46772871565
150.21277048559693,1967,2,1,2,117900.21866672697
80.74764431237315,2006,1,2,30,28029.85106231471
93.97215953915199,1999,3,2,30,64983.98025961359
184.45037277816797,2008,7,2,12,83799.52053745766
51.95028852661041,1971,6,1,10,52451.29817771278
62.82627962817021,1986,7,3,44,63519.21725318266
81.1829382719041,1967,7,1,11,77516.33111183353
53.97983058107296,1984,2,2,15,50119.18657478781
77.21531526346959,2005,3,2,16,34325.23970932088
137.45623414545383,1963,4,1,17,87045.77572914428
113.21368258887469,1992,7,1,26,84262.22573452166
183.90075666154624,1960,7,2,2,110577.05518803869
172.61653426076612,1978,5,2,12,100606.26029354442
101.2726027546814,1990,2,2,26,53872.78700972889
88.91351501469387,1975,2,1,23,62275.52504219178
106.95386122509004,1973,4,2,18,87906.00646002643
138.54424137722117,2012,6,2,32,41867.510297651024
90.20954612343144,2007,1,3,49,40710.72615797672
143.6223361773701,1964,5,1,38,95626.97496393336
111.41174782868606,2000,2,3,47,57937.25036700634
132.80707712779702,1985,5,3,3,73451.19028817755
115.4189793702975,2021,2,2,38,45183.89162204848
94.16986393128765,1987,5,1,3,68979.51673756441
192.2679960443235,1961,3,2,30,119626.77426789035
164.54086912396411,2009,7,1,1,55704.22265051097
71.01697636496789,1965,2,3,30,69863.5419302024
180.27019638468693,2022,5,1,45,71828.68753417546
123.11467973742705,1968,1,2,32,94880.87579696684
184.1828340341137,1992,3,2,28,71326.25569542348
169.97828839209728,2000,3,2,21,77908.28552115119
113.78202567038502,1984,1,1,46,50552.35520736741
53.37039624801761,2007,5,3,13,34280.46789500898
90.3016039077419,1972,4,3,27,91868.15133978234
131.24513219913004,1968,1,1,36,78894.61248704915
145.0217329739221,2012,5,2,7,48963.289437260806
88.68315281498035,1972,1,3,22,80045.2436602227
70.90341111092363,1990,1,2,10,37243.00818118063
175.23953551989487,2000,2,1,39,69644.31035711807
197.66032710553282,1970,5,2,15,112662.50950747737
128.85352734540288,1963,4,3,15,85313.19972672683
75.75189287724552,1993,7,3,4,49365.86799106393
90.84609897790534,2020,2,2,32,42095.68679652195
52.758601482120014,1997,1,1,23,45843.04128000162
187.14482098407484,2005,7,2,6,78211.63025817646
67.66266243352118,1963,6,1,24,69907.57593735597
136.47747132713803,1997,7,2,20,70443.85255083095
91.10828310308091,1978,1,3,37,67095.1581299267
133.126700377369,1965,1,1,20,95916.06621246855
147.71305825277963,1993,5,1,12,68344.5972246541
174.46127055608025,1977,5,1,33,92312.69142302866
80.96319076409048,1972,2,3,28,60189.379303707006
51.649374298772074,2000,4,2,8,38544.73618956926
70.5328445103211,1982,2,3,1,50849.844716807886
185.00279627721577,1978,3,1,37,85360.3743815448
181.0835116343773,2004,1,2,22,77111.66496886706
139.61196532554624,1970,7,3,6,91410.98735624047
140.077529065048,1960,6,1,21,105251.99606900013
149.7555011819383,1983,1,1,32,77615.3946588305
76.30569179351744,2021,1,3,35,33572.23600642279
187.16179188874398,2013,2,3,15,74656.51328935982
112.81557873381097,1966,6,3,5,88892.41169845924
107.47077923742461,1984,6,1,46,60184.69694320597
127.83765579242564,1980,6,3,48,79244.93156043957
57.04489501625826,1974,2,1,6,64954.87146542409
74.94250531341191,1960,1,3,25,77954.536263103
160.70504246395558,1971,2,1,46,73946.73615547582
62.419800188768974,2017,5,1,40,30130.836296365494
140.47281641995824,1966,5,2,29,114867.1553199599
86.80236645219814,1974,2,3,7,66640.31724808962
108.39434210629648,1980,6,3,40,64637.53165333573
93.30406051560499,1978,1,1,13,72724.70375179547
103.35090746974237,2019,2,1,38,42329.05434558843
157.85688577763682,1988,2,1,18,92284.41738745519
94.56825734347626,1984,2,2,2,51991.795643954
134.9606960445346,1992,3,2,8,77602.0113391103
121.40756032986495,2008,5,1,11,59326.48871147412
149.5506748043972,1991,7,3,33,74043.7370719137
190.5244608987137,2008,6,3,38,77544.21144883102
159.88581458153755,1994,4,2,48,86460.31919044485
82.24105678861352,2003,7,2,27,54395.47083686856
54.6774702591927,1997,6,1,20,30773.047957020524
89.33960664497377,1985,4,3,12,70403.46386104698
139.2616896050382,1970,3,1,43,88531.62083118629
57.71387202263755,1994,2,2,31,46242.902586946424
124.45493708018545,1967,3,3,27,87868.45103407257
139.5264273375334,2005,3,3,32,59755.498313277414
100.13658362254412,1973,7,2,10,86958.05005783388
165.6368305618733,1969,1,1,3,97053.86957006987
65.98973797006578,1961,7,1,45,63201.460107188046
61.27066726037131,2005,5,3,27,33845.90161841411
159.22831343054048,1968,4,2,35,98555.4411972669
124.32369743092977,1962,2,3,31,103389.25707224943
153.2603594641604,1980,7,2,15,91409.05468873645
115.22410079056193,1985,4,1,16,61461.87744969814
86.96030498586603,1967,6,2,13,100739.99066254873
172.86534765112995,2007,4,1,49,72307.35740511878
169.91238184534689,1961,6,2,35,118327.62193359422
154.20447062816402,1965,7,3,11,96144.19685267692
90.8217705844944,1987,5,1,21,66380.12362240283
138.53460003036307,2012,7,3,11,63755.065054292965
104.14608454100403,1988,6,3,30,76425.77247984377
63.73731099899512,1985,4,1,48,65094.876353480795
187.5970363193364,1984,4,1,35,101201.08089653071
70.52279463784421,1971,6,3,22,64605.97107941217
192.53560307312037,1964,3,3,38,104243.22050237551
116.90086594369336,1993,5,3,31,67396.33488634999
